n,case,step,node,technique,relation,image_support,contribution,why,unsettled,claim_text,observation,agree_disagree,reason
1,case1_three_techniques,1,o2,XRD,evidences,shown,supports_part,"The presence of extra XRD reflections only in the La-containing pattern (matching absence in Sm and RE-free patterns) supports that La induces a new phase while Sm does not, but the observation only reports reflection positions and does not by itself establish the specific phase identity or structure (Al6Cu6La, cubic NaZn13 type), which requires further indexing/crystallographic analysis.",specific phase composition Al6Cu6La; cubic NaZn13 crystal structure identification; location of the phase at dendrite boundaries,La forms a new Al6Cu6La phase (cubic NaZn13 type) at dendrite boundaries; Sm forms no new phase,"Extra reflections (stars, ~21-37, 50, 67 deg) appear only in the Al-Cu-Mn-La pattern; Sm pattern matches the RE-free one",,
2,case1_three_techniques,2,o3,SEM,evidences,partial,supports_part,"The arrow-B feature confirms a distinct second boundary phase is present (consistent with a new phase forming at dendrite boundaries), but it does not identify this phase's composition or crystal structure as cubic NaZn13-type Al6Cu6La, nor does it say anything about the Sm-containing sample lacking a new phase.",identity/composition of the phase as Al6Cu6La; cubic NaZn13-type crystal structure confirmation; comparison showing Sm forms no analogous new phase,La forms a new Al6Cu6La phase (cubic NaZn13 type) at dendrite boundaries; Sm forms no new phase,"Arrow B in (c) marks a second, finer bright boundary phase beside the arrow-A particles",,
3,case1_three_techniques,3,o5,THERMAL:DSC,evidences,shown,supports_part,"The observation's assignment of a shoulder to Al6Cu6La dissolution supports the presence of this new phase in the La alloy, but it does not address the Sm alloy forming no new phase, nor does it establish the cubic NaZn13 crystal structure or the dendrite-boundary location claimed.",Sm forms no new phase; cubic NaZn13 crystal structure identification; location at dendrite boundaries,La forms a new Al6Cu6La phase (cubic NaZn13 type) at dendrite boundaries; Sm forms no new phase,"La alloy shows weak peak A (~605 C) and shoulder B (~638 C), assigned to Al2Cu and Al6Cu6La dissolution",,
4,case2_annotated,1,o3,XRD:small_angle,evidences,shown,supports_part,"A single low-angle XRD reflection in each pattern indicates some periodic mesostructure (a characteristic d-spacing) in MBG, 2Co-MBG and 5Co-MBG, but one peak alone does not establish the pore diameter (~4-5 nm) or confirm a channel (e.g., hexagonal) pore geometry, which would require additional peak indexing or complementary data like TEM/nitrogen sorption.",actual pore size (~4-5 nm) determination; channel/hexagonal pore geometry versus other ordered arrangements; long-range order beyond a single reflection (higher-order peaks),2Co- and 5Co-MBG keep an ordered mesoporous channel structure (pores ~4-5 nm),"Small-angle XRD: one low-angle reflection in all three patterns, at 2theta ~1.37 (MBG), ~1.47 (2Co) and ~1.35 deg (5Co)",,
5,case2_annotated,2,o4,XRD:small_angle,qualifies,partial,cuts_against,"The steep ~8-fold drop in low-angle XRD peak intensity, with the 5Co peak barely rising above background, indicates a substantial loss of long-range mesopore ordering rather than a preserved ordered channel structure, which undermines the claim especially for 5Co-MBG.",actual pore diameter (~4-5 nm) confirmation via TEM or N2 sorption; whether 2Co retains sufficient order despite reduced peak height; whether the intensity drop reflects loss of order vs. reduced scattering contrast/wall thickness changes,2Co- and 5Co-MBG keep an ordered mesoporous channel structure (pores ~4-5 nm),"Low-angle peak height falls ~8-fold with Co: ~180000 (MBG), ~74000 (2Co), ~23000 (5Co), 5Co peak barely above the rising background",,
6,case2_annotated,3,o5,TEM,evidences,shown,supports_part,"The TEM images show ordered channel stripes and a regular pore lattice consistent with an ordered mesoporous structure, and the ~5-6 nm period is close to the claimed ~4-5 nm pore size, but the observation does not explicitly confirm that panels a and b correspond specifically to the 2Co- and 5Co-MBG samples nor pin the pore size precisely to the 4-5 nm range.",explicit identification of panel a and b as 2Co-MBG and 5Co-MBG specifically; exact pore size match to 4-5 nm versus measured ~5-6 nm; whether ordering is uniform across the whole sample beyond the ~200 nm imaged region,2Co- and 5Co-MBG keep an ordered mesoporous channel structure (pores ~4-5 nm),"TEM: parallel channel stripes over ~200 nm in a and a regular pore lattice in b, period ~5-6 nm",,
7,case2_annotated,4,o6,PHYS:N2_sorption,evidences,shown,supports_part,"The type IV isotherm with H1/H2-type hysteresis at P/P0 ~0.45-0.6 is characteristic of capillary condensation in uniform mesopores and thus evidences a mesoporous structure common to all three samples, but the isotherm shape alone does not pin down the specific pore diameter (~4-5 nm, which requires BJH/pore-size-distribution analysis) or confirm long-range structural order of the channels (typically shown by XRD or TEM).",exact pore size ~4-5 nm; long-range ordering of the channel structure; that 2Co- and 5Co-MBG specifically (as opposed to the third sample) retain this structure,2Co- and 5Co-MBG keep an ordered mesoporous channel structure (pores ~4-5 nm),N2 isotherms of all three show a hysteresis step at P/P0 ~0.45-0.6 (type IV),,
8,case3_contradicts,1,o5,XRD:insitu,evidences,shown,supports_part,"The observation documents a step near 150 K in every trace and a coexistence band (~150-175 K) for one case (PC (004)), which is consistent with the existence of a transition temperature and a finite transition window, but it reports data for a single domain size rather than comparing multiple domain sizes, so it does not itself show that the transition temperature rises or that the window narrows as domain size grows.",comparison of transition temperature across different domain sizes; comparison of transition window width across different domain sizes; whether the trend is monotonic with domain size; whether other traces besides PC (004) also show a comparable coexistence band,Transition temperature rises and the transition window narrows as domain size grows,Every trace steps down near 150 K; for PC (004) the two branches coexist over a shaded band from ~150 to ~175 K,,
9,case3_contradicts,2,o12,PL,evidences,shown,supports_part,"The observation shows that at a single fixed temperature (80 K) the PL signature shifts from one band (small domains) to two coexisting bands (intermediate domains) to one band again (large domains), which is consistent with domain size shifting the phase-transition/coexistence region, but it provides no temperature-scan data to quantify that the transition temperature actually rises or that the transition window narrows with increasing domain size.",quantitative transition temperature values across domain sizes; direct measurement of transition window width (temperature range) for each domain size; confirmation that the two-band region corresponds to the transition window rather than a static structural difference; temperature dependence beyond the single 80 K snapshot,Transition temperature rises and the transition window narrows as domain size grows,"PL at 80 K: one ~790 nm band for D_d of 20-50 nm, two bands (~750 and ~785 nm) for 50-200 um, one ~750 nm band above 300 um",,
10,case3_contradicts,3,o13,PL,evidences,partial,supports_part,"The map directly shows the dual-band transition window widening toward small domains (equivalently narrowing as domains grow), but it only implies rather than directly quantifies that the transition temperature itself shifts upward with increasing domain size.",explicit rise of the transition temperature (not just window width) as a function of domain size; quantitative relationship or threshold between domain size and transition temperature,Transition temperature rises and the transition window narrows as domain size grows,"Emission-regime map: single orthorhombic at low T and large domains, single tetragonal at high T, a dual band between that widens toward small domains",,
11,case3_contradicts,4,a3,PL,qualifies,contradicts,supports_part,"The observation pins down the domain-size threshold at which dual emission collapses into a single peak (between 200-300 um rather than above 500 um), supporting the window-narrowing part of the claim but saying nothing about whether transition temperature itself rises with domain size.",transition temperature rising with domain size; precise onset point of narrowing below 200 um; whether narrowing is monotonic across the full size range,Transition temperature rises and the transition window narrows as domain size grows,"the 300 and 400 um spectra are already single orthorhombic peaks, so dual emission ends between 200 and 300 um, not above 500 um",,
12,case4_oracle,1,a2,ECHEM:GCD,qualifies,partial,supports_part,"The near-Li-level discharge capacity raises a puzzle about how much sodiation occurred, but the accompanying note that structural probes show only minor reaction backs the claim's core structural conclusion (retained crystalline oxide, no metallic Co) without explaining or quantifying what accounts for the large capacity.",whether the high capacity reflects side reactions/SEI rather than PCO reduction; quantitative extent of crystalline oxide retention; confirmation of absence of metallic Co; reconciliation between electrochemical and structural signals,"Sodiation reduces PCO only slightly: crystalline oxide largely retained, no metallic Co","Na 1st discharge passes ~865 mAh/g, near the Li value, although structural probes show only minor reaction",,
13,case4_oracle,2,o16,XRD:synchrotron,evidences,shown,supports_part,"The SXRD persistence of the same reflections with only modest intensity loss evidences that the crystalline oxide phase is largely retained and only slightly reduced, but it does not explicitly report the absence of new metallic Co reflections needed to confirm 'no metallic Co'.",absence of metallic Co reflections/new phase formation; quantitative extent of PCO reduction,"Sodiation reduces PCO only slightly: crystalline oxide largely retained, no metallic Co",Na SXRD: same reflections persist through discharge/charge with only modest intensity loss,,
14,case4_oracle,3,o19,XAS:XANES,evidences,shown,supports_part,"The retained strong white line in discharged (sodiated) Na XANES spectra, distinct from metallic Co foil, directly evidences that sodiation does not produce metallic Co and that the material remains in an oxide-like electronic/oxidation state, but XANES white-line intensity is a local electronic-structure/oxidation-state probe and does not itself establish retention of the crystalline (long-range ordered) oxide structure or quantify the degree of reduction as only slight.",retention of crystalline (long-range) structure of PCO; quantitative degree/slightness of any reduction; whether charged-state data (between CoO and Co3O4) pertains to sodiation-induced change versus a separate charge process,"Sodiation reduces PCO only slightly: crystalline oxide largely retained, no metallic Co","Na XANES: discharged spectra keep a strong white line (~1.25 at ~7728 eV), unlike Co foil; charged lie between CoO and Co3O4",,
15,case4_oracle,4,o20,XAS:XANES,evidences,shown,supports_part,"the persistence of the Na white-line maximum across cycling indicates Co retains its oxidized state during sodiation (unlike the Li case where the white-line vanishes, implying reduction), supporting 'no metallic Co' and only slight reduction, but XANES white-line data alone does not establish retention of crystalline oxide structure, which would require diffraction evidence",retention of crystalline (long-range ordered) oxide structure; quantitative extent of the slight reduction; direct confirmation via diffraction or EXAFS of phase/structure,"Sodiation reduces PCO only slightly: crystalline oxide largely retained, no metallic Co",XANES contours: Li white-line maximum vanishes at each discharge and returns on charge; Na maximum persists all cycles,,
16,case4_oracle,5,o22,XAS:EXAFS,evidences,shown,establishes,"The EXAFS FT data directly shows persistence of the crystalline oxide coordination peaks (1.5 and 2.5 A) with only small decrease across the full cycle and no dominant Co-foil (metallic Co) peak, which is exactly what the claim asserts.",,"Sodiation reduces PCO only slightly: crystalline oxide largely retained, no metallic Co",Na EXAFS FT: 1.5 and 2.5 A oxide peaks persist over the whole cycle with small decrease; no Co-foil peak dominates,,
17,case5_drop,1,o10,OM,evidences,shown,supports_part,"The OM observation morphologically distinguishes wavy bands (asymmetric surface contrast) from straight {10-12}/{01-12} twin traces, supporting that they are a distinct deformation mode, but it provides no crystallographic orientation/rotation-angle data needed to establish the specific 5-55 deg continuous rotation versus the fixed ~85 deg twin rotation.",quantitative crystal rotation angle of wavy bands; confirmation of fixed ~85 deg rotation for {10-12} twins; identification of wavy bands as kink bands specifically rather than another non-twin feature,The wavy deformation bands are deformation kink bands: their crystal rotation angle varies continuously from ~5 to ~55 deg instead of taking the fixed ~85 deg of {10-12} twins,OM of the [11-20] and [01-10] specimens: straight {10-12}/{01-12} band traces plus wavy bands whose contrast is strong on the (0001) side surface and faint on (1-100)/(-2110),,
18,case5_drop,2,o13,OM,evidences,partial,supports_part,The surface step/ridge morphology showing shear parallel to [0001] supports a kink-band deformation mechanism (consistent with slip-induced shear) but does not itself measure or pin down the specific crystal rotation angle range (~5 to ~55 deg) or contrast it against the fixed ~85 deg twin rotation.,quantitative crystal rotation angle range of ~5-55 deg; comparison to fixed ~85 deg {10-12} twin rotation; continuous variation of rotation angle across the band,The wavy deformation bands are deformation kink bands: their crystal rotation angle varies continuously from ~5 to ~55 deg instead of taking the fixed ~85 deg of {10-12} twins,"Where wavy bands form, the (1-100)/(-2110) side surface develops a step-like ridge (red arrows) while the (0001) surface stays straight, so the band shear direction is parallel to [0001]",,
19,case5_drop,3,o14,EBSD,evidences,shown,supports_part,"The EBSD color-shading pattern (uniform color for twins vs. continuously shading color for wavy bands) qualitatively evidences that kink bands have continuously varying orientation while twins have a single fixed orientation, but the observation does not report or measure the specific numeric rotation angles (~5-55 deg range for kink bands vs. the fixed ~85 deg for {10-12} twins) that the claim specifies.",the specific ~5 to ~55 degree range of crystal rotation in kink bands; the specific ~85 degree fixed rotation value for {10-12} twins; quantitative confirmation via pole figures or misorientation profiles rather than qualitative color shading,The wavy deformation bands are deformation kink bands: their crystal rotation angle varies continuously from ~5 to ~55 deg instead of taking the fixed ~85 deg of {10-12} twins,"EBSD orientation maps: lenticular bands take one uniform colour distinct from the matrix, whereas the wavy bands shade continuously with position; in the [01-10] specimen uniformly red {10-12} twins and shade-varying purple kink bands coexist",,
20,case5_drop,4,o16,TEM,evidences,shown,supports_part,"The TEM trace-bending observation shows non-constant boundary angles and confirms many low-angle (<15 deg) boundaries exist, which supports the kink-band interpretation and contradicts a single fixed ~85 deg twin angle, but it does not itself quantify the full continuous range up to ~55 deg or establish that the variation spans exactly ~5-55 deg.",quantitative upper bound near 55 deg; continuity of the angle distribution across the full 5-55 deg range; confirmation that no boundaries show the fixed ~85 deg twin angle,The wavy deformation bands are deformation kink bands: their crystal rotation angle varies continuously from ~5 to ~55 deg instead of taking the fixed ~85 deg of {10-12} twins,"Bright-field TEM of the kink bands: the marked basal-plane trace bends by a large, non-constant angle at each band boundary, and many low-angle (<15 deg) boundaries coexist",,
21,case5_drop,5,o17,TEM:SAED,evidences,shown,supports_part,"The SAED c-axis measurements at four adjacent points show strongly varying orientation differences between neighbouring bands (roughly 30-60 deg apart once the axial 180 deg periodicity of the c-axis is accounted for), which is consistent with continuously varying rotation rather than a fixed twin angle, but this single four-point transect does not itself establish the full stated ~5 to ~55 deg continuous range or a direct comparison against the ~85 deg twin value.",whether the full population of kink bands spans the entire ~5-55 deg range; direct quantitative comparison confirming deviation from the fixed ~85 deg twin misorientation; continuity of rotation within a band versus only discrete jumps between the four sampled points,The wavy deformation bands are deformation kink bands: their crystal rotation angle varies continuously from ~5 to ~55 deg instead of taking the fixed ~85 deg of {10-12} twins,"SAED taken at the four marked points A-D across successive kink bands: the c-axis direction differs strongly between neighbouring bands (about 60, 180, 40 and 10 deg from horizontal)",,
